id,D1M1,D1M2,D1M3,D1M4,D1M5,D1M6,D1M7,D1M8,D1M9,D1M10,D2M1,D2M2,D2M3,D2M4,D2M5,D2M6,D2M7,D2M8,D2M9,D2M10,D3M1,D3M2,D3M3,D3M4,D3M5,D3M6,D3M7,D3M8,D3M9,D3M10
,1,1,1,1,1,1,1,1,1,1,2,2,2,2,2,2,2,2,2,2,3,3,3,3,3,3,3,3,3,3
,0,2.429269257,23.30475064,43.61721909,87.33859973,100.9187538,187.3399121,262.8678083,292.3280598,343.1856502,0,23.92296891,49.95127873,135.8645105,172.3288219,215.9843914,222.7096141,274.9482587,333.8640054,338.9498472,0,114.5958409,133.4549579,201.4273739,219.3475169,231.2258705,271.0755144,311.9451272,328.4000659,358.0732567
P1,B,B,B,B,B,B,H,A,A,A,B,B,B,A,A,A,H,H,A,A,H,B,H,H,A,A,A,A,A,A
P2,A,A,A,A,A,A,A,A,A,A,B,B,B,B,B,B,B,H,H,H,H,A,A,H,A,A,H,H,A,H
P3,B,B,B,B,B,B,B,B,B,B,B,B,B,B,B,B,B,B,B,H,B,H,H,A,A,A,A,H,H,H
P4,A,A,A,A,H,H,A,H,H,H,B,H,H,B,B,H,H,A,A,A,H,H,H,H,H,H,B,B,B,H
P5,H,H,H,H,B,H,B,B,B,B,B,B,B,B,H,H,H,H,H,H,H,A,A,A,H,H,H,A,A,A
P6,H,H,H,H,H,H,H,H,H,H,H,H,B,H,H,H,H,H,H,H,H,A,A,A,A,A,A,A,A,A
P7,B,B,B,B,B,B,B,B,B,B,H,A,A,H,H,H,H,H,H,H,B,H,H,H,B,B,B,B,B,B
P8,B,B,H,H,H,H,H,B,H,H,H,H,H,A,H,A,A,A,A,A,B,B,B,B,B,B,B,B,B,B
P9,H,H,H,H,H,H,H,H,B,H,A,A,A,H,H,H,H,H,H,H,B,H,A,H,H,H,H,H,H,H
P10,H,H,H,H,H,H,H,H,H,A,A,A,A,A,A,A,H,H,A,A,B,B,B,B,B,B,H,B,B,B
P11,H,H,H,H,A,A,A,A,A,H,H,H,H,H,H,A,A,A,A,A,B,H,H,B,B,H,H,H,H,A
P12,A,A,A,A,A,A,H,H,H,H,A,A,A,A,H,H,H,H,H,B,H,H,H,H,H,H,H,H,H,H
P13,H,H,H,H,H,H,H,H,H,H,A,A,A,A,H,H,H,H,B,B,H,H,H,H,H,H,H,H,H,H
P14,B,B,B,B,H,H,H,H,A,A,H,H,B,B,B,B,B,H,B,B,H,H,H,H,H,H,A,A,A,A
P15,A,A,A,A,A,A,A,A,H,H,A,A,A,H,H,B,B,B,B,B,H,H,H,H,H,H,H,H,H,H
P16,H,H,H,H,H,H,H,H,H,A,A,A,A,A,A,H,H,H,H,H,B,B,B,B,B,B,B,B,B,B
P17,A,A,A,A,A,A,H,A,A,A,B,B,H,H,H,B,B,H,H,H,B,B,B,B,B,B,B,B,B,B
P18,B,B,B,B,B,B,B,H,H,H,H,H,H,A,A,H,H,H,H,H,A,B,B,B,B,B,B,B,B,B
P19,B,B,B,B,B,B,H,H,H,A,H,H,H,H,H,H,H,H,H,H,H,A,A,A,H,H,H,H,H,H
P20,B,B,B,B,B,B,B,A,A,A,A,A,A,A,A,A,A,A,A,A,A,H,H,H,H,H,H,B,B,B
P21,B,B,B,H,H,H,H,H,H,B,H,H,A,A,A,A,A,A,A,A,H,H,H,B,B,B,B,B,B,B
P22,B,B,B,B,B,B,B,B,B,H,H,H,H,H,B,B,B,B,B,B,B,H,H,A,H,H,H,H,H,H
P23,A,A,A,A,A,A,A,A,H,A,B,B,B,B,B,H,H,H,H,H,H,B,B,H,H,H,H,H,H,H
P24,A,A,A,H,A,A,A,H,H,H,H,H,H,B,B,H,H,H,B,B,H,H,H,A,A,A,A,A,A,H
P25,B,B,B,B,B,B,H,H,H,H,A,A,A,A,A,A,A,B,B,B,B,H,H,H,H,H,A,A,A,A
P26,H,H,H,H,H,H,H,B,B,B,H,H,H,H,H,B,B,B,B,B,H,H,H,H,H,H,H,H,H,H
P27,A,A,A,H,H,H,H,H,H,H,H,H,H,H,H,A,A,A,B,B,H,H,H,H,H,H,H,H,H,H
P28,H,H,H,H,H,B,B,B,B,B,B,B,B,H,H,H,H,H,H,H,A,H,H,H,H,H,B,B,B,B
P29,H,H,H,H,H,A,A,A,H,H,B,B,B,B,B,H,H,H,H,H,H,A,A,H,H,H,H,H,H,H
P30,H,H,H,H,H,H,H,B,B,H,A,A,A,H,H,H,H,A,A,A,A,A,A,A,A,A,A,A,A,A
P31,A,A,A,A,A,H,H,H,H,H,B,H,H,H,H,H,B,H,H,H,B,B,B,B,B,B,B,B,B,B
P32,H,H,H,H,H,H,H,H,H,H,H,H,H,H,H,H,H,H,H,H,H,H,H,H,H,B,B,B,B,B
P33,H,H,H,H,B,B,B,B,B,H,H,H,H,A,A,H,H,H,B,B,B,B,B,B,H,H,H,B,B,B
P34,H,H,H,H,H,H,H,B,B,H,A,A,A,B,B,B,B,B,H,H,A,H,H,H,H,H,H,H,H,H
P35,H,H,H,A,A,A,A,A,H,H,A,A,A,A,H,H,H,A,A,A,A,H,H,H,H,H,H,H,H,H
P36,H,H,H,H,H,H,A,A,A,A,B,B,B,H,H,H,H,H,H,H,H,B,B,B,B,B,B,B,B,B
P37,H,H,H,H,H,H,H,H,H,H,H,H,H,A,A,A,A,A,H,H,A,B,B,B,B,B,B,B,B,B
P38,H,H,H,H,H,H,H,H,H,B,H,H,A,A,A,A,A,A,A,A,H,A,A,H,H,H,H,H,H,A
P39,A,A,A,A,A,A,H,H,H,H,A,A,A,A,A,A,A,A,B,B,B,H,H,B,B,H,H,H,H,H
P40,B,B,B,B,B,B,H,H,H,H,B,B,B,H,H,H,H,H,H,H,A,H,H,B,B,B,B,B,B,B
P41,B,B,B,B,B,B,B,H,H,H,H,H,H,H,H,H,H,H,H,H,A,A,A,A,H,H,H,H,H,B
P42,H,H,B,B,B,B,H,B,B,B,B,B,B,B,B,B,B,A,A,A,H,H,H,H,H,H,H,H,H,H
P43,A,A,A,A,A,A,A,A,A,A,H,H,H,B,B,B,B,B,B,B,B,A,A,A,A,A,A,A,A,B
P44,B,B,B,B,B,B,H,H,H,H,B,H,B,H,H,H,H,A,A,A,A,H,H,H,H,H,H,A,A,A
P45,A,A,A,A,A,A,H,H,H,H,B,B,B,H,H,B,B,H,H,H,B,A,A,H,H,H,H,B,B,B
P46,H,H,H,H,H,H,H,H,H,H,H,H,H,H,H,H,H,H,H,H,B,B,B,B,B,B,A,A,A,A
P47,B,B,H,B,H,H,B,B,B,B,A,A,A,B,B,B,B,B,B,B,B,B,H,A,A,A,A,H,H,H
P48,B,B,B,H,H,H,H,H,B,B,A,A,H,B,B,H,H,H,B,B,H,H,H,A,A,A,A,A,A,A
P49,H,H,H,B,H,H,H,A,A,A,A,A,H,H,B,B,B,B,H,H,B,H,H,A,A,A,A,A,A,A
P50,H,H,H,H,A,A,A,H,H,H,B,B,A,H,H,H,H,H,A,A,H,B,B,B,B,B,B,H,H,H
P51,B,B,H,H,H,H,H,H,H,H,H,H,H,A,A,A,A,A,A,A,A,B,H,H,H,H,H,A,H,H
P52,B,B,H,H,A,A,A,A,A,A,H,H,H,A,H,H,H,H,H,H,H,B,B,B,B,B,B,B,B,B
P53,A,A,A,A,A,A,A,A,A,A,B,B,B,H,A,A,A,A,A,A,A,A,A,A,A,A,A,A,A,A
P54,H,H,H,H,A,A,A,H,H,H,A,H,H,H,A,H,H,A,H,H,H,H,H,H,H,H,H,H,H,H
P55,H,H,H,H,H,H,H,H,H,H,B,B,B,B,B,B,B,H,H,H,B,B,B,H,H,H,B,B,B,B
P56,H,H,H,H,H,H,H,H,H,H,A,A,A,H,H,H,H,H,H,H,H,A,A,A,A,A,A,A,H,H
P57,H,H,H,A,A,A,A,H,H,H,H,H,H,B,B,B,B,B,B,B,H,H,H,H,H,H,H,H,H,H
P58,A,A,A,A,A,A,H,B,B,B,B,B,B,H,H,H,H,B,H,H,A,A,H,B,B,B,H,H,H,H
P59,A,A,A,A,A,A,H,A,A,A,H,H,H,H,H,H,H,A,A,A,B,B,B,H,H,H,H,H,H,H
P60,B,B,B,H,H,H,H,B,B,B,A,H,B,B,H,H,H,H,H,H,H,H,H,H,H,H,H,H,H,H
P61,A,A,A,A,H,H,A,H,H,H,A,A,A,H,H,A,A,A,A,A,A,B,B,B,B,B,B,B,B,H
P62,B,B,B,B,H,H,H,B,B,B,H,H,H,H,H,H,H,A,A,A,B,B,B,B,B,B,B,B,H,H
P63,H,H,H,H,H,H,H,B,B,B,B,B,B,H,H,H,H,H,B,B,B,B,B,B,B,B,B,B,B,B
P64,H,H,B,B,B,B,B,B,B,B,B,B,B,B,B,H,H,H,H,H,B,H,H,H,H,H,H,H,H,H
P65,H,H,B,B,B,B,B,B,B,H,B,B,B,B,B,H,H,B,H,H,H,H,H,H,H,H,H,A,A,A
P66,H,H,H,H,H,H,A,A,A,A,H,H,H,H,H,H,H,H,H,H,A,A,H,H,H,H,H,H,H,H
P67,B,B,B,H,H,H,H,H,H,H,A,A,A,A,A,A,A,A,A,A,H,H,H,H,H,H,B,B,B,H
P68,B,B,H,H,A,A,H,B,H,H,H,H,H,H,H,H,H,H,H,H,H,H,H,H,H,H,H,H,H,H
P69,B,B,B,B,H,H,H,H,H,A,H,H,H,B,B,B,B,B,B,B,B,B,B,H,H,H,B,B,B,B
P70,B,B,B,H,H,H,H,A,A,H,H,H,H,B,B,B,B,B,B,B,H,H,H,B,B,B,H,A,A,A
P71,B,B,B,B,B,B,B,B,H,H,B,B,B,B,B,B,B,B,H,H,H,B,B,H,H,H,H,H,H,H
P72,H,H,H,H,H,H,H,A,A,H,B,B,B,H,H,H,H,H,H,H,A,A,A,A,A,A,A,A,H,H
P73,H,H,H,H,H,H,H,H,H,H,H,H,A,A,A,A,A,H,H,H,H,B,B,H,H,H,B,B,B,B
P74,B,B,B,B,B,B,H,A,A,A,H,H,H,H,A,A,A,A,A,A,A,A,A,A,A,A,A,H,H,H
P75,H,H,H,H,H,H,H,A,H,H,H,H,B,B,B,B,B,B,H,H,H,A,A,A,A,A,A,A,A,A
P76,H,H,H,H,H,A,A,A,A,A,B,H,H,H,A,A,A,H,H,H,B,H,H,A,A,H,H,H,H,H
P77,A,A,A,H,H,H,H,A,H,A,H,H,H,B,B,B,B,B,B,B,H,H,H,H,H,H,H,H,A,A
P78,A,A,A,A,A,A,A,A,A,H,B,B,B,B,B,B,B,B,B,B,B,B,B,B,B,B,B,B,B,B
P79,H,B,B,B,B,B,H,H,H,H,B,B,B,B,B,B,B,H,H,H,H,A,A,A,A,A,A,A,A,A
P80,B,B,B,B,B,B,B,B,B,B,B,B,B,H,H,H,H,H,H,H,B,B,B,B,B,B,B,H,H,H
P81,H,H,H,H,H,H,H,H,H,H,B,B,B,B,B,H,H,B,B,B,H,B,B,B,B,B,B,B,B,B
P82,H,H,H,H,H,H,A,A,A,A,H,H,H,H,H,H,H,B,B,B,B,H,H,H,H,H,H,H,H,H
P83,A,A,A,A,A,A,A,A,H,H,H,H,H,H,H,A,A,A,A,A,H,H,B,B,B,B,B,B,B,B
P84,H,H,A,A,H,H,H,A,A,A,H,H,H,H,H,B,B,B,B,B,H,B,B,B,B,B,B,H,H,H
P85,H,H,A,A,A,A,A,A,A,A,H,H,H,B,B,H,H,H,H,H,A,A,A,H,H,H,A,H,H,H
P86,H,H,H,H,H,B,B,B,H,H,A,A,A,H,H,H,H,B,B,B,B,H,H,H,H,H,H,H,H,H
P87,H,H,H,H,H,H,H,A,A,H,H,H,H,B,B,B,B,H,H,H,B,H,H,H,H,H,H,H,B,H
P88,H,H,H,H,H,H,A,A,A,H,B,H,H,H,H,H,H,H,H,H,H,B,B,B,B,B,B,B,B,B
P89,H,H,H,H,H,H,H,H,H,H,B,B,B,B,B,B,B,B,H,H,A,A,A,A,A,A,H,H,H,H
P90,B,B,B,B,B,B,H,A,A,H,H,H,H,H,H,H,H,H,H,H,H,H,H,H,H,H,A,A,A,A
P91,H,H,A,A,A,A,H,H,H,B,H,H,H,H,B,B,B,B,B,B,A,H,H,H,H,H,A,H,H,B
P92,A,A,A,A,H,H,A,H,H,H,H,H,H,H,B,B,B,B,B,B,A,H,H,H,H,H,B,B,B,B
P93,A,A,A,A,A,A,A,H,H,B,H,H,H,H,H,H,H,A,H,H,H,H,H,H,H,B,H,B,B,B
P94,B,B,B,B,B,B,B,B,B,B,B,B,B,H,H,A,H,H,H,H,A,A,A,A,A,A,A,H,H,H
P95,H,H,H,H,H,A,A,A,A,A,H,H,H,H,H,H,H,H,H,H,H,H,H,H,H,H,H,H,H,H
P96,H,H,H,H,H,H,A,A,A,A,A,A,A,A,A,A,A,H,H,H,H,H,B,B,B,B,B,B,B,B
P97,A,A,H,H,H,A,H,H,H,H,A,H,H,H,H,H,H,H,B,B,H,H,H,H,H,H,H,H,H,H
P98,H,H,H,H,H,H,H,H,H,H,H,H,H,H,B,H,H,H,H,H,H,B,B,B,B,H,H,H,H,H
P99,H,H,H,H,H,H,H,A,A,A,B,B,B,H,H,H,H,H,H,H,H,H,A,A,A,A,A,A,A,A
P100,A,A,A,A,A,A,A,A,H,H,A,A,A,A,A,A,A,A,A,A,H,B,B,B,B,B,H,H,H,H
P101,H,H,H,H,H,H,B,H,B,A,H,H,H,H,H,H,H,H,A,A,H,H,H,H,H,H,H,H,H,B
P102,H,A,A,A,H,H,H,H,H,H,H,H,H,H,H,H,H,H,H,H,A,A,H,H,H,H,H,H,H,H
P103,H,H,H,H,H,H,B,H,H,H,H,H,H,H,H,H,H,H,H,H,H,H,H,H,H,H,A,A,A,A
P104,B,B,B,B,H,H,B,B,B,H,H,H,B,B,B,B,B,B,B,B,B,B,B,H,H,H,H,H,H,H
P105,H,H,H,H,B,B,B,H,H,H,A,A,H,A,A,B,B,B,B,B,A,H,H,A,H,H,H,H,H,H
P106,H,H,H,H,H,H,A,A,A,A,B,B,B,A,H,A,A,A,H,H,H,H,H,H,H,H,H,H,H,H
P107,A,A,A,A,A,A,A,H,H,H,H,H,H,H,H,H,H,H,H,H,H,H,H,H,H,H,H,H,H,H
P108,B,B,B,B,B,B,B,B,B,B,A,A,A,A,A,H,H,H,H,H,B,B,B,A,H,H,B,B,B,B
P109,H,H,A,A,A,A,H,H,H,H,A,A,A,A,A,A,A,A,A,A,A,A,H,H,H,H,H,H,A,A
P110,B,B,H,H,H,H,H,B,B,B,H,H,B,H,H,H,H,H,H,H,H,H,H,A,A,A,A,A,A,A
P111,H,H,H,H,A,A,A,H,H,H,A,A,A,A,A,A,A,A,A,A,B,H,H,H,H,H,H,H,H,H
P112,H,H,H,H,H,H,H,H,H,H,A,A,H,B,B,B,B,B,B,B,H,H,H,B,B,B,B,H,H,H
P113,H,H,H,H,H,H,H,H,H,H,A,A,A,A,A,H,H,H,H,H,H,A,A,B,B,B,H,B,B,H
P114,H,H,H,A,A,A,H,B,B,B,B,B,B,H,B,B,B,H,H,H,B,B,H,H,B,B,B,B,B,B
P115,B,B,B,B,H,H,B,B,H,A,A,A,A,A,A,A,A,A,B,B,H,A,H,H,H,H,H,H,H,H
P116,H,H,B,B,H,H,H,B,B,B,H,H,H,B,B,B,B,H,A,A,B,H,H,B,B,B,B,B,B,B
P117,B,B,B,B,B,B,H,H,H,H,A,A,A,A,A,A,A,A,H,H,H,A,A,A,A,A,A,H,H,H
P118,B,B,B,B,B,B,H,A,A,A,B,B,B,B,H,H,H,H,H,H,A,A,A,A,A,A,H,H,H,H
P119,H,H,H,H,H,H,H,H,H,B,B,B,B,B,B,B,B,B,H,H,A,A,H,H,H,H,A,A,A,A
P120,H,H,H,A,H,H,A,H,H,B,H,H,H,H,H,H,H,H,B,B,H,H,B,H,H,H,B,B,B,B
P121,H,H,H,H,H,H,H,H,H,H,A,A,A,A,A,H,H,A,A,A,H,H,H,H,H,H,H,H,H,H
P122,H,H,H,H,H,H,B,B,B,B,H,A,A,A,H,H,H,H,H,H,H,H,H,A,A,H,B,B,H,A
P123,A,A,A,H,H,H,H,A,A,H,H,A,A,H,H,H,H,H,H,H,H,H,H,H,A,A,A,A,A,H
P124,A,A,A,H,H,H,A,H,H,H,B,B,B,B,B,H,H,H,B,B,H,H,H,H,H,H,H,H,H,H
P125,H,H,A,A,A,A,A,A,A,H,H,H,B,B,H,H,H,H,H,H,B,B,B,B,B,B,B,B,B,B
P126,B,B,B,B,B,B,H,H,H,H,H,H,H,H,B,H,H,H,H,H,A,H,H,H,H,H,H,B,B,H
P127,H,H,H,H,H,H,B,H,H,H,B,B,B,A,A,A,A,A,A,A,A,H,H,B,B,B,B,H,H,H
P128,B,B,B,B,B,B,B,B,B,B,H,H,H,A,A,A,A,A,A,A,A,H,H,H,H,H,H,H,H,H
P129,A,A,A,A,H,H,A,A,A,A,H,H,A,H,H,H,H,H,H,H,H,H,H,H,H,H,H,A,A,A
P130,B,B,B,B,B,B,B,B,B,B,A,H,A,A,A,A,H,B,B,B,B,B,B,B,B,B,B,B,B,H
P131,B,B,B,H,H,H,A,H,H,H,H,H,H,B,H,H,H,A,A,A,H,H,H,H,H,H,H,A,A,A
P132,B,B,B,B,B,B,H,B,B,B,H,H,H,B,B,B,B,B,B,B,H,B,B,H,H,H,H,H,H,H
P133,H,H,H,H,B,B,B,B,H,B,H,H,H,B,B,H,H,H,H,H,H,H,H,H,H,H,H,A,A,H
P134,H,H,H,A,H,H,H,H,H,A,B,H,H,H,H,A,A,A,H,A,H,B,B,B,B,B,H,H,H,H
P135,H,H,B,H,H,H,H,A,H,H,H,H,H,H,H,H,H,H,B,B,H,H,H,H,H,B,B,B,B,B
P136,A,A,A,A,A,A,H,H,H,H,A,H,H,H,A,A,A,A,A,A,H,H,H,H,H,H,H,A,A,A
P137,H,H,H,H,H,H,A,A,H,H,H,H,H,H,H,H,H,H,H,H,B,H,H,B,B,B,B,B,B,B
P138,B,B,B,B,B,B,H,H,B,B,H,H,H,H,H,H,H,H,H,H,H,B,B,H,H,B,H,H,H,H
P139,A,A,A,A,A,H,H,H,H,H,H,H,B,H,H,H,H,H,H,H,H,H,H,H,H,H,B,B,B,B
P140,B,B,B,B,B,B,B,B,B,B,H,B,B,B,B,B,B,B,B,B,H,H,H,H,H,H,H,A,A,A
P141,H,H,H,A,A,A,H,H,H,H,H,H,H,H,H,H,H,H,A,A,A,H,H,A,A,A,A,A,A,A
P142,B,B,B,B,B,B,B,B,B,B,H,H,B,H,H,H,H,H,H,H,B,H,H,H,H,H,H,H,H,H
P143,H,H,H,A,A,A,H,H,H,H,H,H,H,H,H,H,H,H,H,H,H,H,H,B,B,B,B,B,B,B
P144,H,H,H,H,H,H,H,A,A,H,A,A,A,A,A,A,A,H,H,H,B,B,B,B,B,B,H,B,B,B
P145,H,H,H,H,H,H,H,H,H,H,B,B,B,H,H,H,H,H,H,H,A,H,H,A,A,A,A,A,A,A
P146,B,B,B,B,B,B,B,A,A,A,H,H,H,H,H,H,H,H,A,A,A,H,H,H,H,H,H,B,B,A
P147,A,A,A,A,A,A,A,H,H,A,B,B,B,H,A,A,A,A,A,A,B,B,B,B,B,B,B,B,B,B
P148,B,B,B,B,B,H,H,H,H,H,H,H,H,H,H,H,H,A,H,H,H,A,A,H,H,H,H,H,H,A
P149,H,H,H,H,H,H,A,H,H,H,H,H,H,H,H,H,H,H,B,B,H,H,H,H,H,H,H,H,H,H
P150,B,B,B,B,B,B,B,B,H,H,B,B,B,B,B,B,B,B,H,H,B,H,H,A,H,H,H,H,H,H
P151,B,B,B,B,H,H,H,H,H,H,H,H,B,H,H,A,A,A,A,A,A,A,A,A,A,A,A,A,A,A
P152,A,A,A,A,A,A,H,H,H,B,H,B,B,H,H,H,H,H,H,H,H,H,H,H,H,H,B,B,B,B
P153,H,H,H,H,A,A,A,A,A,A,B,H,H,A,A,A,A,A,A,A,H,A,A,H,H,H,H,H,H,H
P154,A,A,H,H,B,B,H,H,A,A,H,H,H,H,H,H,H,H,H,H,A,A,A,A,A,A,A,A,A,A
P155,A,A,A,A,H,H,H,B,B,B,H,H,H,H,B,H,H,H,H,H,B,H,H,A,A,A,A,H,H,B
P156,A,A,A,A,A,A,A,H,H,A,H,H,B,H,H,H,H,H,H,H,A,H,H,H,H,H,H,H,H,H
P157,A,A,H,H,H,H,H,B,B,B,H,B,B,H,H,H,H,A,A,A,H,H,H,A,A,A,A,A,A,A
P158,A,A,A,A,A,A,B,H,H,H,A,A,A,A,A,A,A,A,A,A,H,H,H,H,H,H,A,A,A,A
P159,H,H,H,H,H,H,B,B,H,H,A,H,H,A,A,A,A,A,B,B,H,A,H,A,A,A,A,A,A,H
P160,H,H,H,H,B,B,H,H,H,H,H,H,H,H,H,B,B,B,B,B,B,H,H,H,H,H,H,H,H,H
P161,B,B,B,H,H,H,H,H,A,H,H,H,H,H,H,H,H,H,B,B,H,H,H,H,A,A,A,A,A,A
P162,H,H,H,H,H,H,H,A,A,H,A,A,A,H,H,H,H,A,A,H,H,H,H,H,H,H,H,H,H,H
P163,B,B,B,H,H,H,B,H,A,A,A,A,A,A,A,A,A,A,A,A,H,H,A,A,A,A,H,B,B,B
P164,H,H,H,H,H,H,H,B,B,H,H,H,H,H,H,H,H,H,H,H,A,H,H,A,A,A,A,H,H,B
P165,B,B,B,B,B,H,H,A,A,H,B,B,B,H,H,H,H,H,H,H,H,A,A,A,A,A,A,A,A,A
P166,A,A,A,A,A,A,A,A,A,A,H,H,H,H,H,H,H,H,H,H,H,H,H,H,H,H,H,H,H,H
P167,H,H,H,H,H,H,H,H,H,H,A,A,H,H,H,H,H,A,A,A,H,A,A,A,A,A,A,H,H,H
P168,H,H,H,H,H,H,H,H,H,H,A,A,A,A,H,H,H,H,B,B,A,A,A,A,A,A,A,H,H,H
P169,H,H,H,H,H,H,A,A,A,A,A,H,H,B,B,H,H,H,H,H,A,A,A,A,A,A,A,A,H,H
P170,H,H,H,H,H,H,B,B,B,B,A,A,H,H,H,H,H,A,A,A,A,A,A,H,A,H,H,H,H,H
P171,H,H,H,H,B,B,B,B,B,B,H,H,H,H,B,H,H,H,H,H,H,H,H,H,H,H,H,H,H,H
P172,B,B,B,B,B,B,B,H,B,B,H,H,H,H,H,B,B,B,B,B,H,B,B,H,H,H,H,H,A,A
P173,B,B,B,B,H,H,H,H,H,A,B,B,B,H,A,A,A,A,A,A,B,H,H,H,H,H,H,A,A,A
P174,A,A,A,A,A,A,A,A,A,A,A,A,A,A,A,A,A,A,A,A,B,B,B,B,B,B,B,B,B,B
P175,H,H,H,H,H,H,H,B,B,H,A,A,A,H,H,H,H,H,H,H,A,A,A,A,A,A,A,A,A,A
P176,A,A,A,A,A,A,H,H,H,H,A,H,A,A,A,A,A,H,H,H,H,B,B,B,B,B,B,H,H,B
P177,B,B,B,B,H,H,H,H,H,B,H,H,H,H,H,H,H,H,B,B,B,B,B,H,H,B,B,B,B,B
P178,H,H,H,H,H,H,A,A,A,A,H,H,H,H,H,H,H,B,B,B,A,H,H,H,H,H,H,H,H,H
P179,H,H,H,H,H,H,H,B,B,B,A,A,A,H,A,A,A,H,H,H,H,A,A,H,H,H,H,H,B,B
P180,B,B,B,B,H,H,A,H,H,H,B,B,B,B,B,B,B,B,B,B,H,H,H,H,H,H,H,H,H,H
P181,A,A,A,A,A,A,H,H,A,A,A,A,H,H,H,B,B,B,B,B,H,B,B,B,B,B,H,H,H,H
P182,A,A,A,A,A,A,A,A,A,A,B,B,B,B,B,B,B,B,H,H,A,A,A,H,H,H,H,H,H,H
P183,H,H,H,H,H,H,H,H,H,H,H,H,H,H,B,H,H,H,H,H,H,H,H,A,A,A,A,A,A,H
P184,H,H,H,H,A,A,H,H,H,H,B,H,H,H,A,A,A,H,H,H,A,H,H,B,B,B,B,B,B,B
P185,B,B,B,B,B,B,H,H,H,B,B,H,H,H,H,H,H,H,H,H,B,H,H,H,H,H,H,H,H,H
P186,H,H,H,H,H,B,H,A,A,A,B,B,B,B,B,B,B,B,H,H,H,H,H,H,H,H,H,A,A,A
P187,H,H,H,H,H,H,H,H,B,B,A,A,A,H,B,H,H,H,H,H,H,H,H,H,H,H,H,H,H,H
P188,H,H,H,H,H,H,A,A,H,H,A,A,A,A,H,H,H,H,H,H,H,B,B,B,B,B,B,B,B,B
P189,H,H,H,H,H,B,H,B,B,B,H,H,H,H,H,H,H,H,A,A,H,H,H,A,A,A,A,A,A,A
P190,B,B,B,B,B,B,B,B,B,B,H,H,H,H,H,H,H,H,A,A,B,H,H,H,H,H,H,A,A,A
P191,B,B,B,B,B,B,B,H,H,H,H,H,H,H,H,H,H,B,B,B,H,H,H,B,B,B,A,A,A,A
P192,H,H,H,H,H,H,H,B,B,B,A,A,A,H,H,H,H,H,H,H,H,A,A,A,A,A,A,A,A,A
P193,H,H,H,H,H,H,H,B,B,B,B,B,B,H,H,H,H,H,B,B,A,H,H,H,H,H,H,H,H,H
P194,H,H,H,H,B,B,H,B,B,B,H,H,A,H,H,H,H,H,H,H,H,H,H,B,B,B,B,B,B,H
P195,A,A,A,A,A,A,A,H,H,H,A,A,A,A,A,A,A,A,A,A,A,A,A,H,B,B,B,B,H,H
P196,B,B,B,B,B,B,B,B,B,B,A,A,H,H,H,H,H,A,A,A,H,H,H,H,H,H,A,A,A,A
P197,A,A,H,H,H,H,B,B,B,H,B,B,B,B,H,H,H,H,H,H,H,A,A,A,A,A,A,A,A,A
P198,A,A,A,A,A,H,H,H,H,H,A,A,A,A,A,H,H,A,A,A,H,B,H,H,H,H,A,A,A,A
P199,A,H,H,H,H,H,H,A,H,A,H,H,H,H,B,B,B,B,H,H,H,H,H,H,H,H,H,H,H,H
P200,H,H,A,A,A,A,A,A,A,A,B,B,B,B,B,B,B,B,B,B,B,B,B,H,H,H,H,H,A,H
P201,B,B,B,B,B,B,H,H,H,H,B,B,B,B,B,B,B,B,B,B,H,B,B,B,B,B,B,B,H,H
P202,H,H,B,B,B,B,H,H,H,H,H,H,H,H,B,B,B,H,H,H,H,H,H,H,H,H,H,A,A,A
P203,B,B,B,B,H,H,H,A,H,H,H,H,H,B,B,B,B,B,B,B,A,B,B,B,B,B,B,B,B,H
P204,B,B,B,B,B,B,B,H,H,H,A,A,A,A,A,A,A,A,A,A,H,H,H,A,A,A,A,A,A,A
P205,H,H,H,H,B,B,B,H,H,H,H,H,H,A,A,A,A,A,H,H,H,A,A,A,A,A,H,B,B,B
P206,A,A,A,A,A,A,A,A,A,A,H,A,A,A,A,B,B,H,B,B,A,H,H,H,H,H,A,A,A,A
P207,H,H,H,B,B,B,B,B,H,H,H,H,H,H,H,H,B,B,H,A,A,H,H,H,H,H,H,H,B,B
P208,B,B,B,B,B,B,H,H,H,H,H,H,H,B,B,B,B,A,H,H,B,B,B,B,B,B,B,B,B,B
P209,H,H,H,H,H,H,H,H,H,A,H,H,H,B,B,B,B,B,B,B,B,H,H,B,H,H,H,H,H,H
P210,B,B,B,B,H,H,A,A,A,A,H,H,H,A,A,A,A,A,H,A,A,A,A,A,A,A,A,A,A,A
P211,H,H,H,H,H,H,H,H,H,B,H,H,H,B,B,B,B,B,B,B,H,H,H,H,H,H,H,H,H,H
P212,H,H,B,B,B,B,B,B,B,B,B,H,H,A,A,A,A,A,A,A,A,A,A,H,H,A,A,H,H,H
P213,B,B,B,B,H,H,H,B,B,B,B,B,B,B,B,B,B,B,H,H,A,A,A,B,B,B,B,B,B,B
P214,A,A,H,H,H,H,H,H,H,H,H,A,A,H,H,H,H,H,H,H,A,A,A,A,A,A,H,A,A,A
P215,H,H,H,H,A,A,B,B,B,B,A,A,A,A,A,A,A,H,H,H,H,B,B,B,B,B,B,B,B,B
P216,B,B,B,B,H,H,H,H,H,A,H,H,H,H,H,H,H,H,H,H,H,H,H,H,B,B,B,H,H,H
P217,H,H,H,H,H,H,H,A,A,A,B,B,B,B,B,B,B,B,B,B,A,A,A,A,A,A,A,A,A,H
P218,H,H,H,H,A,A,H,H,H,A,A,A,A,A,H,H,H,H,H,H,H,A,A,H,H,H,H,H,H,H
P219,H,H,H,H,H,A,H,H,H,H,B,B,B,H,H,H,H,H,H,H,H,H,H,H,B,B,B,B,B,H
P220,H,H,H,H,H,H,B,B,B,B,B,B,B,H,B,B,B,B,B,B,H,H,H,H,A,A,A,A,A,A
P221,H,H,H,H,H,H,B,B,B,B,H,H,A,H,H,H,H,H,H,H,H,H,H,H,H,H,H,A,H,B
P222,H,H,H,H,H,H,H,A,H,H,H,H,H,B,B,B,B,H,H,H,H,H,H,H,H,B,B,B,B,B
P223,H,H,H,H,H,H,H,A,A,A,H,H,H,H,A,A,A,A,H,H,H,H,H,H,H,H,H,A,A,A
P224,H,H,H,H,H,A,B,H,H,H,H,H,H,H,H,H,H,H,H,H,A,A,A,A,A,H,H,H,B,B
P225,A,A,A,A,A,A,A,A,A,A,A,A,A,A,A,A,A,A,A,A,H,B,B,B,B,B,H,H,H,B
P226,A,A,A,A,H,H,H,H,H,H,H,H,H,H,H,A,A,A,A,A,A,B,B,B,H,H,H,H,H,H
P227,B,B,B,B,B,B,H,B,B,B,H,H,H,H,H,H,H,H,H,H,B,H,H,H,H,H,H,H,H,H
P228,A,A,A,A,A,A,H,H,H,H,H,H,H,H,H,H,H,H,B,B,B,H,H,H,H,H,H,H,H,H
P229,H,H,H,H,H,H,B,B,B,H,B,B,B,H,H,B,B,H,H,H,H,H,H,H,H,H,H,H,H,H
P230,H,H,H,H,H,H,H,H,H,H,H,H,H,H,H,H,B,B,B,B,A,A,H,H,H,H,H,H,H,H
P231,H,H,H,H,H,H,H,H,H,H,A,A,A,A,A,H,H,H,B,B,B,B,B,H,H,H,H,H,H,H
P232,H,H,H,H,A,A,A,A,A,H,H,H,B,H,H,H,B,B,H,H,H,A,A,A,A,A,A,H,A,H
P233,B,B,B,B,B,B,A,A,H,H,H,H,A,H,H,H,H,H,H,H,H,H,H,H,H,H,H,H,H,B
P234,H,H,H,H,H,H,H,H,H,H,B,B,B,B,B,B,B,H,H,H,H,B,B,B,B,B,H,H,H,H
P235,A,A,A,A,A,A,A,A,H,H,A,H,H,H,H,H,H,H,H,H,A,A,A,H,H,H,B,H,H,H
P236,H,H,A,H,H,H,H,H,H,B,H,H,H,H,B,B,B,H,H,H,B,H,H,H,H,H,H,H,A,H
P237,H,H,H,H,H,H,B,B,B,B,H,H,H,H,H,H,H,H,H,H,B,B,B,B,B,B,B,B,B,B
P238,H,H,H,H,H,H,H,A,A,H,H,H,H,H,A,A,A,A,A,A,B,H,H,A,A,A,A,A,H,H
P239,H,H,H,H,B,B,B,B,B,H,A,A,A,A,A,A,A,H,H,H,A,H,H,H,H,H,H,H,H,H
P240,B,B,B,B,B,B,B,B,B,H,A,A,A,A,H,H,H,A,A,A,B,B,H,H,H,H,H,H,H,H
P241,A,A,H,H,B,B,B,B,B,B,A,A,A,A,A,A,A,H,A,A,A,A,A,H,H,H,H,H,H,H
P242,H,H,H,H,H,H,H,H,H,H,B,B,B,H,H,H,H,H,H,H,B,B,B,B,B,B,B,B,B,B
P243,B,B,B,B,H,H,H,A,A,A,B,B,B,H,H,A,A,A,H,H,H,A,A,A,A,A,A,H,H,H
P244,H,H,H,H,H,H,B,B,H,B,H,H,H,A,A,A,A,H,H,H,H,B,B,B,B,B,B,B,B,H
P245,H,H,H,H,H,H,A,A,A,A,H,B,B,B,B,B,B,B,H,H,H,H,H,H,H,H,H,A,A,A
P246,B,B,B,B,H,H,H,H,H,H,A,A,A,A,A,A,A,A,H,H,H,B,H,H,H,H,A,A,A,A
P247,H,H,H,H,H,H,B,B,B,B,H,A,A,A,A,A,A,A,A,A,H,H,H,H,H,H,H,H,H,H
P248,H,H,H,H,H,H,H,H,H,H,A,A,A,H,H,H,H,H,H,H,B,B,B,B,B,B,B,B,B,B
P249,A,A,A,A,A,A,A,H,H,H,H,A,A,H,H,H,H,H,H,H,H,B,B,H,H,H,H,H,A,A
P250,H,H,H,H,H,H,H,H,H,A,H,H,H,H,A,H,H,H,H,H,A,A,H,H,H,H,H,B,B,B
